{
  "categoryL1List": [
        {
            "showIndex": 0,
            "type": 0,
            "categoryType": 0,
            "superCategoryId": 0,
            "name": "推荐专区",
            "id": 11,
            "subCateList": []
        },
        {
            "showIndex": 0,
            "type": 0,
            "categoryType": 0,
            "superCategoryId": 0,
            "name": "宅家防护",
            "id": 12,
            "subCateList": []
        },
        {
            "showIndex": 0,
            "type": 0,
            "categoryType": 0,
            "superCategoryId": 0,
            "name": "爆品专区",
            "id": 13,
            "subCateList": []
        },
        {
            "showIndex": 15,
            "wapBannerUrl": "",
            "bannerUrl": "https://yanxuan.nosdn.127.net/dec6ff5ae8bae410809598950ba1f5b4.jpg",
            "type": 1,
            "frontName": "",
            "categoryType": 0,
            "wapExpandPicTargetUrl": "",
            "superCategoryId": 0,
            "name": "新品专区",
            "id": 109217021,
            "subCateList": [
                {
                    "showIndex": 18,
                    "wapBannerUrl": "https://yanxuan-item.nosdn.127.net/b23608821bfc854805df49363e38b301.png",
                    "bannerUrl": "https://yanxuan-item.nosdn.127.net/b23608821bfc854805df49363e38b301.png",
                    "type": 3,
                    "frontName": "居家生活新品推荐",
                    "categoryType": 0,
                    "wapExpandPicTargetUrl": "",
                    "superCategoryId": 0,
                    "name": "居家生活新品",
                    "id": 109241000,
                    "subCateList": []
                },
                {
                    "showIndex": 17,
                    "wapBannerUrl": "https://yanxuan-item.nosdn.127.net/a803f572289dc4ada7ad8ff817422fdc.png",
                    "bannerUrl": "https://yanxuan-item.nosdn.127.net/a803f572289dc4ada7ad8ff817422fdc.png",
                    "type": 3,
                    "frontName": "服饰鞋包新品推荐",
                    "categoryType": 0,
                    "wapExpandPicTargetUrl": "",
                    "superCategoryId": 0,
                    "name": "服饰鞋包新品",
                    "id": 109241001,
                    "subCateList": []
                },
                {
                    "showIndex": 16,
                    "wapBannerUrl": "https://yanxuan-item.nosdn.127.net/cc66ac0e306d77a241f6fd9ac34b2a00.png",
                    "bannerUrl": "https://yanxuan-item.nosdn.127.net/cc66ac0e306d77a241f6fd9ac34b2a00.png",
                    "type": 3,
                    "frontName": "美食酒水新品推荐",
                    "categoryType": 0,
                    "wapExpandPicTargetUrl": "",
                    "superCategoryId": 0,
                    "name": "美食酒水新品",
                    "id": 109241002,
                    "subCateList": []
                },
                {
                    "showIndex": 15,
                    "wapBannerUrl": "https://yanxuan-item.nosdn.127.net/aea14016264a2ccd83a6295bf93fb714.png",
                    "bannerUrl": "https://yanxuan-item.nosdn.127.net/aea14016264a2ccd83a6295bf93fb714.png",
                    "type": 3,
                    "frontName": "个护清洁新品推荐",
                    "categoryType": 0,
                    "wapExpandPicTargetUrl": "",
                    "superCategoryId": 0,
                    "name": "个护清洁新品",
                    "id": 109241003,
                    "subCateList": []
                },
                {
                    "showIndex": 14,
                    "wapBannerUrl": "https://yanxuan-item.nosdn.127.net/10dd076c96e0248ae1b54d4b277439cf.png",
                    "bannerUrl": "https://yanxuan-item.nosdn.127.net/10dd076c96e0248ae1b54d4b277439cf.png",
                    "type": 3,
                    "frontName": "运动旅行新品推荐",
                    "categoryType": 0,
                    "wapExpandPicTargetUrl": "",
                    "superCategoryId": 0,
                    "name": "运动旅行新品",
                    "id": 109241004,
                    "subCateList": []
                },
                {
                    "showIndex": 13,
                    "wapBannerUrl": "https://yanxuan-item.nosdn.127.net/1fb768e549be93be3da68930bc7c7f4b.png",
                    "bannerUrl": "https://yanxuan-item.nosdn.127.net/1fb768e549be93be3da68930bc7c7f4b.png",
                    "type": 3,
                    "frontName": "母婴亲子新品推荐",
                    "categoryType": 0,
                    "wapExpandPicTargetUrl": "",
                    "superCategoryId": 0,
                    "name": "母婴亲子新品",
                    "id": 109241005,
                    "subCateList": []
                },
                {
                    "showIndex": 12,
                    "wapBannerUrl": "https://yanxuan-item.nosdn.127.net/dc413d2d5e81dc11997b8a0ca0abab2f.png",
                    "bannerUrl": "https://yanxuan-item.nosdn.127.net/dc413d2d5e81dc11997b8a0ca0abab2f.png",
                    "type": 3,
                    "frontName": "数码家电新品推荐",
                    "categoryType": 0,
                    "wapExpandPicTargetUrl": "",
                    "superCategoryId": 0,
                    "name": "数码家电新品",
                    "id": 109241006,
                    "subCateList": []
                },
                {
                    "showIndex": 11,
                    "wapBannerUrl": "https://yanxuan-item.nosdn.127.net/7b29bba18a0cbf5de8cbb76607b13077.png",
                    "bannerUrl": "https://yanxuan-item.nosdn.127.net/7b29bba18a0cbf5de8cbb76607b13077.png",
                    "type": 3,
                    "frontName": "全球特色新品推荐",
                    "categoryType": 0,
                    "wapExpandPicTargetUrl": "",
                    "superCategoryId": 0,
                    "name": "全球特色新品",
                    "id": 109241007,
                    "subCateList": []
                }
            ]
        },
        {
            "showIndex": 1,
            "level": "L1",
            "wapBannerUrl": "https://yanxuan.nosdn.127.net/e8bf0cf08cf7eda21606ab191762e35c.png",
            "bannerUrl": "https://yanxuan.nosdn.127.net/761877bc4e2cf50d7c424a8a7e6378bf.jpg",
            "frontDesc": "回家，放松身心",
            "type": 0,
            "frontName": "",
            "categoryType": 0,
            "imgUrl": "",
            "superCategoryId": 0,
            "name": "居家生活",
            "iconUrl": "https://yanxuan.nosdn.127.net/a45c2c262a476fea0b9fc684fed91ef5.png",
            "id": 1005000,
            "subCateList": []
        },
        {
            "showIndex": 2,
            "level": "L1",
            "wapBannerUrl": "https://yanxuan.nosdn.127.net/e9fe3cabed74c62c447396c8a4a8db0b.png",
            "bannerUrl": "https://yanxuan.nosdn.127.net/2d7c7841acae25d7bd66d95d22cb20f9.png",
            "frontDesc": "贴身的，要亲肤",
            "type": 0,
            "frontName": "",
            "categoryType": 0,
            "imgUrl": "",
            "superCategoryId": 0,
            "name": "服饰鞋包",
            "iconUrl": "https://yanxuan.nosdn.127.net/9f64e690b593694a25cb0be4807d4de5.png",
            "id": 1010000,
            "subCateList": []
        },
        {
            "showIndex": 3,
            "level": "L1",
            "wapBannerUrl": "https://yanxuan.nosdn.127.net/fb670ff3511182833e5b035275e4ac09.png",
            "bannerUrl": "https://yanxuan.nosdn.127.net/e71c18948044771a7ebd4c9cc551ce8a.png",
            "frontDesc": "好吃，高颜值美食",
            "type": 0,
            "frontName": "",
            "categoryType": 0,
            "imgUrl": "",
            "superCategoryId": 0,
            "name": "美食酒水",
            "iconUrl": "https://yanxuan.nosdn.127.net/c9280327a3fd2374c000f6bf52dff6eb.png",
            "id": 1005002,
            "subCateList": []
        },
        {
            "showIndex": 4,
            "level": "L1",
            "wapBannerUrl": "https://yanxuan.nosdn.127.net/284e588ee387f8491afd93d3cec77901.png",
            "bannerUrl": "https://yanxuan.nosdn.127.net/73e8dfdda753de91e028da67a0963c1a.png",
            "frontDesc": "亲肤之物，严选天然",
            "type": 0,
            "frontName": "",
            "categoryType": 0,
            "imgUrl": "",
            "superCategoryId": 0,
            "name": "个护清洁",
            "iconUrl": "https://yanxuan.nosdn.127.net/a6dcd39065e12767ec099cf37b65f000.png",
            "id": 1013001,
            "subCateList": []
        },
        {
            "showIndex": 5,
            "level": "L1",
            "wapBannerUrl": "https://yanxuan.nosdn.127.net/f946bc18da43e2f1f5417aec2060e492.png",
            "bannerUrl": "https://yanxuan.nosdn.127.net/e65d94b55a1c785cedeb398f62115922.png",
            "frontDesc": "爱，从心开始",
            "type": 0,
            "frontName": "",
            "categoryType": 0,
            "imgUrl": "",
            "superCategoryId": 0,
            "name": "母婴亲子",
            "iconUrl": "https://yanxuan.nosdn.127.net/0a427bfa1804cdf3fb5249b4c31e6319.png",
            "id": 1011000,
            "subCateList": []
        },
        {
            "showIndex": 6,
            "level": "L1",
            "wapBannerUrl": "https://yanxuan.nosdn.127.net/740f6ec44f396001a19ce3bb34b06d8e.png",
            "bannerUrl": "https://yanxuan.nosdn.127.net/20a3cc5d6c582f65119503b93b005976.png",
            "frontDesc": "走出去，自然的恩赐",
            "type": 0,
            "frontName": "",
            "categoryType": 0,
            "imgUrl": "",
            "superCategoryId": 0,
            "name": "运动旅行",
            "iconUrl": "https://yanxuan.nosdn.127.net/d1bb0452344b61f78da41dcb74c57d28.png",
            "id": 109243029,
            "subCateList": []
        },
        {
            "showIndex": 7,
            "level": "L1",
            "wapBannerUrl": "https://yanxuan.nosdn.127.net/4ac8bfac92724054a3ab2aafe5676832.jpg",
            "bannerUrl": "https://yanxuan.nosdn.127.net/fcd5a4b7f9dc02673945513aecc3d14a.jpg",
            "frontDesc": "智能电器，点亮生活。",
            "type": 0,
            "frontName": "",
            "categoryType": 0,
            "imgUrl": "",
            "superCategoryId": 0,
            "name": "数码家电",
            "iconUrl": "https://yanxuan.nosdn.127.net/4a54379128e65792fd836ee461e2ce27.png",
            "id": 1043000,
            "subCateList": []
        },
        {
            "showIndex": 9,
            "level": "L1",
            "wapBannerUrl": "https://yanxuan.nosdn.127.net/1706e24a5e605870ba3b37ff5f49aa18.png",
            "bannerUrl": "https://yanxuan.nosdn.127.net/54e55e9d8a74c2cef5d624f99860ccdb.png",
            "frontDesc": "爱好，点缀生活",
            "type": 0,
            "frontName": "",
            "categoryType": 0,
            "imgUrl": "",
            "superCategoryId": 0,
            "name": "全球特色",
            "iconUrl": "https://yanxuan.nosdn.127.net/7093cfecb9dde1dd3eaf459623df4071.png",
            "id": 1019000,
            "subCateList": []
        }
    ]
}